Issue Number,Title,Milestone,Module,Implementation Code Snippet
1,Fix bug in authentication,v1.5.0,Auth,auth.js
2,Add logging to API,v1.5.0,API,api.js
3,Improve performance on queries,v1.5.0,Database,db.js
4,Fix UI bug in dashboard,v1.5.0,Dashboard,dashboard.js
5,Implement OAuth authentication,v1.5.0,Auth,oauth.js
6,Add unit tests for API,v1.5.0,API,test_api.js
7,Improve error handling in API,v1.5.0,API,error_handling.js
8,Refactor validation,v1.5.0,Validation,validation.js
9,Document API endpoints,v1.5.0,Docs,docs.md
10,Enhance caching mechanism,v1.6.0,Caching,caching.js
11,Add support for new database,v1.6.0,Database,new_db.js
12,Improve search functionality,v1.6.0,Search,search.js
13,Optimize image loading,v1.6.0,Images,images.js
14,Integrate payment gateway,v1.6.0,Payments,payment.js
15,Implement user notifications,v1.6.0,Notifications,notifications.js
16,Refactor API routes,v1.6.0,API,routes.js
17,Add business logic for pricing,v1.6.0,Pricing,pricing.js
18,New feature for user profiles,v1.7.0,User Profile,user_profile.js
19,Implement data export functionality,v1.7.0,Export,data_export.js
20,Improve mobile responsiveness,v1.7.0,UI,responsive.js
21,Integrate social media sharing,v1.7.0,Social,share.js
22,Create analytics dashboard,v1.7.0,Analytics,analytics.js
23,Add multi-language support,v1.7.0,Localization,localization.js
24,Enhance API documentation,v1.7.0,Docs,docs.md
25,Fix memory leak in server,v1.7.0,Performance,memory.js
26,Update third-party libraries,v1.7.0,Dependencies,dependencies.js
27,Add caching for database queries,v1.7.0,Caching,caching.js
28,Revamp error pages,v1.7.0,UI,error_pages.js
29,Implement custom hooks,v1.7.0,Hooks,custom_hooks.js
30,Enhance security measures,v1.7.0,Security,security.js
31,Add user role management,v1.7.0,Permissions,permissions.js
