filename,batch,maturity,score,gap_summary,doxygen_header,template_compliance
abuse_detector.cpp,A,PRODUCTION-READY,85,"total=2; TODO=0, Stub=0, Unimpl=0, Mock=0, Sim=0, Debt=2, C=0, H=0, M=2, L=0",✓ Complete,✓ CMT-7500
audio_processor.cpp,A,PRODUCTION-READY,86,"total=6; TODO=0, Stub=0, Unimpl=0, Mock=0, Sim=0, Debt=3, C=0, H=3, M=3, L=0",✓ Complete,✓ CMT-7500
content_manager.cpp,A,PRODUCTION-READY,84,"total=8; TODO=0, Stub=0, Unimpl=0, Mock=0, Sim=0, Debt=4, C=1, H=2, M=5, L=0",✓ Complete,✓ CMT-7500
geo_processor.cpp,A,PRODUCTION-READY,81,"total=7; TODO=0, Stub=0, Unimpl=0, Mock=0, Sim=0, Debt=3, C=1, H=2, M=4, L=0",✓ Complete,✓ CMT-7500
image_processor.cpp,A,PRODUCTION-READY,85,"total=6; TODO=0, Stub=0, Unimpl=0, Mock=0, Sim=0, Debt=2, C=0, H=2, M=4, L=0",✓ Complete,✓ CMT-7500
mime_detector.cpp,A,PRODUCTION-READY,90,"total=3; TODO=0, Stub=0, Unimpl=0, Mock=0, Sim=0, Debt=1, C=0, H=1, M=2, L=0",✓ Complete,✓ CMT-7500
text_processor.cpp,A,PRODUCTION-READY,84,"total=7; TODO=0, Stub=0, Unimpl=0, Mock=0, Sim=0, Debt=3, C=0, H=2, M=5, L=0",✓ Complete,✓ CMT-7500
video_processor.cpp,A,PRODUCTION-READY,79,"total=9; TODO=1, Stub=0, Unimpl=1, Mock=0, Sim=0, Debt=2, C=1, H=2, M=5, L=0",✓ Complete,✓ CMT-7500
archive_processor.cpp,A,PRODUCTION-READY,92,"total=3; TODO=0, Stub=0, Unimpl=0, Mock=0, Sim=0, Debt=1, C=0, H=1, M=2, L=0",✓ Complete,✓ CMT-7500
content_security.cpp,A,PRODUCTION-READY,88,"total=5; TODO=0, Stub=0, Unimpl=0, Mock=0, Sim=0, Debt=2, C=0, H=1, M=4, L=0",✓ Complete,✓ CMT-7500
content_type.cpp,A,PRODUCTION-READY,87,"total=4; TODO=0, Stub=0, Unimpl=0, Mock=0, Sim=0, Debt=1, C=0, H=1, M=3, L=0",✓ Complete,✓ CMT-7500
content_validator.cpp,A,PRODUCTION-READY,83,"total=6; TODO=0, Stub=0, Unimpl=0, Mock=0, Sim=0, Debt=2, C=1, H=1, M=4, L=0",✓ Complete,✓ CMT-7500
async_ingestion_worker.cpp,B,PRODUCTION-READY,87,"total=8; TODO=0, Stub=0, Unimpl=0, Mock=0, Sim=0, Debt=4, C=1, H=3, M=4, L=0",✓ Complete,✓ CMT-7500
cad_processor.cpp,B,PRODUCTION-READY,88,"total=5; TODO=0, Stub=0, Unimpl=0, Mock=0, Sim=0, Debt=2, C=0, H=1, M=4, L=0",✓ Complete,✓ CMT-7500
content_errors.cpp,B,PRODUCTION-READY,91,"total=2; TODO=0, Stub=0, Unimpl=0, Mock=0, Sim=0, Debt=1, C=0, H=0, M=2, L=0",✓ Complete,✓ CMT-7500
content_fs.cpp,B,PRODUCTION-READY,86,"total=5; TODO=0, Stub=0, Unimpl=0, Mock=0, Sim=0, Debt=2, C=0, H=1, M=4, L=0",✓ Complete,✓ CMT-7500
content_logger.cpp,B,PRODUCTION-READY,89,"total=3; TODO=0, Stub=0, Unimpl=0, Mock=0, Sim=0, Debt=1, C=0, H=1, M=2, L=0",✓ Complete,✓ CMT-7500
content_manager_embedding.cpp,B,BETA,76,"total=12; TODO=2, Stub=1, Unimpl=1, Mock=0, Sim=0, Debt=2, C=1, H=3, M=6, L=0",✓ Complete,✓ CMT-7500
content_manager_llm.cpp,B,BETA,74,"total=14; TODO=3, Stub=1, Unimpl=2, Mock=0, Sim=0, Debt=2, C=1, H=4, M=7, L=0",✓ Complete,✓ CMT-7500
content_metrics.cpp,B,PRODUCTION-READY,82,"total=7; TODO=0, Stub=0, Unimpl=0, Mock=0, Sim=0, Debt=3, C=0, H=1, M=6, L=0",✓ Complete,✓ CMT-7500
content_policy.cpp,B,BETA,71,"total=15; TODO=2, Stub=2, Unimpl=2, Mock=0, Sim=1, Debt=3, C=2, H=4, M=7, L=0",✓ Complete,✓ CMT-7500
deduplication_checker.cpp,B,PRODUCTION-READY,80,"total=8; TODO=0, Stub=0, Unimpl=0, Mock=0, Sim=0, Debt=4, C=1, H=2, M=5, L=0",✓ Complete,✓ CMT-7500
embedding_pipeline.cpp,B,BETA,73,"total=13; TODO=2, Stub=1, Unimpl=1, Mock=1, Sim=0, Debt=2, C=1, H=3, M=7, L=0",✓ Complete,✓ CMT-7500
html_processor.cpp,C,BETA,72,"total=11; TODO=1, Stub=1, Unimpl=1, Mock=0, Sim=0, Debt=2, C=1, H=3, M=6, L=0",✓ Complete,✓ CMT-7500
ingestion_plugin.cpp,C,BETA,69,"total=16; TODO=3, Stub=2, Unimpl=2, Mock=1, Sim=0, Debt=2, C=2, H=4, M=8, L=0",✓ Complete,✓ CMT-7500
language_detector.cpp,C,BETA,77,"total=10; TODO=1, Stub=1, Unimpl=0, Mock=0, Sim=0, Debt=2, C=0, H=2, M=7, L=0",✓ Complete,✓ CMT-7500
markdown_processor.cpp,C,PRODUCTION-READY,83,"total=6; TODO=0, Stub=0, Unimpl=0, Mock=0, Sim=0, Debt=2, C=0, H=1, M=5, L=0",✓ Complete,✓ CMT-7500
mock_clip_processor.cpp,C,ALPHA,45,"total=28; TODO=5, Stub=8, Unimpl=4, Mock=3, Sim=2, Debt=2, C=3, H=8, M=12, L=2",✓ Complete,✓ CMT-7500
ocr_processor.cpp,C,BETA,68,"total=18; TODO=2, Stub=2, Unimpl=2, Mock=1, Sim=1, Debt=3, C=2, H=5, M=8, L=0",✓ Complete,✓ CMT-7500
office_processor.cpp,C,PRODUCTION-READY,81,"total=8; TODO=0, Stub=0, Unimpl=0, Mock=0, Sim=0, Debt=3, C=1, H=2, M=5, L=0",✓ Complete,✓ CMT-7500
pdf_processor.cpp,C,PRODUCTION-READY,86,"total=5; TODO=0, Stub=0, Unimpl=0, Mock=0, Sim=0, Debt=2, C=0, H=1, M=4, L=0",✓ Complete,✓ CMT-7500
stt_processor.cpp,C,PRODUCTION-READY,82,"total=7; TODO=0, Stub=0, Unimpl=0, Mock=0, Sim=0, Debt=3, C=1, H=1, M=5, L=0",✓ Complete,✓ CMT-7500
tts_processor.cpp,C,BETA,70,"total=14; TODO=1, Stub=1, Unimpl=1, Mock=0, Sim=1, Debt=3, C=1, H=3, M=8, L=0",✓ Complete,✓ CMT-7500
version_manager.cpp,C,PRODUCTION-READY,88,"total=4; TODO=0, Stub=0, Unimpl=0, Mock=0, Sim=0, Debt=1, C=0, H=1, M=3, L=0",✓ Complete,✓ CMT-7500
archive_processor_enhancements.cpp,C,PRODUCTION-READY,81,"total=7; TODO=0, Stub=0, Unimpl=0, Mock=0, Sim=0, Debt=3, C=0, H=2, M=5, L=0",✓ Complete,✓ CMT-7500
